FedDistrict;Region;City;1991;1992;1993;1994;1995;1996;1997;1998;1999;2000;2001;2002;2003;2004;2005;2006;2007;2008;2009;2010;2011;2012;2013
Приволжский;Кировская;Белая Холуница;;;;;;;1;1;1;1;1;1;1;1;1;1;1;1;1;1;1;1;1
Приволжский;Кировская;Кирс;;;;;;;2;1;2;2;3;1;1;1;1;1;1;1;1;1;1;1;1
Приволжский;Кировская;Сосновка;;;;;;;1;1;1;1;1;1;1;1;1;1;1;1;1;1;1;1;1
Приволжский;Кировская;Зуевка;;;;;;;2;2;2;2;1;1;1;1;1;1;1;1;1;1;1;1;1
Приволжский;Кировская;Луза;;;;;;;1;1;1;1;1;1;1;1;1;1;1;1;1;1;1;1;1
Приволжский;Кировская;Малмыж;;;;;;;2;2;2;2;2;2;2;2;2;2;2;2;2;2;2;2;2
Приволжский;Кировская;Мураши;;;;;;;2;2;2;2;1;1;1;1;1;1;1;1;1;1;1;1;1
Приволжский;Кировская;Нолинск;;;;;;;1;1;1;1;1;1;1;1;1;1;1;1;1;1;1;1;1
Приволжский;Кировская;Омутнинск;;;;;;;2;1;3;3;3;3;3;3;2;2;2;2;2;1;1;2;2
Приволжский;Кировская;Советск (Кировская область);;;;;;;2;3;3;3;3;3;3;2;1;2;2;2;2;2;2;2;2
Приволжский;Кировская;Уржум;;;;;;;2;1;1;1;2;2;2;1;1;1;1;1;1;1;1;1;1
Приволжский;Кировская;Орлов;;;;;;;1;1;1;1;1;1;1;1;1;1;1;1;1;1;1;1;1
Приволжский;Кировская;Яранск;;;;;;;1;1;1;1;1;1;1;1;1;1;1;1;1;1;1;1;1
Приволжский;Кировская;Киров (Кировская область);;;;;;;32;33;32;32;32;32;30;30;30;30;31;31;31;31;32;33;35
Приволжский;Кировская;Вятские Поляны;;;;;;;3;3;3;3;3;3;3;3;3;2;2;2;2;2;1;1;1
Приволжский;Кировская;Кирово-Чепецк;;;;;;;2;2;2;2;2;2;2;2;2;3;3;3;3;3;4;5;5
Приволжский;Кировская;Котельнич;;;;;;;4;4;4;4;4;4;4;4;4;4;4;4;4;4;4;4;3
Приволжский;Кировская;Слободской;;;;;;;3;3;3;3;3;5;5;5;4;4;4;4;3;1;1;1;1
Северо-западный;Архангельская;Нарьян-Мар;;;;;;;2;2;2;2;2;2;2;2;2;2;2;2;2;2;2;2;2
Северо-западный;Архангельская;Вельск;;;;;;;5;5;2;2;1;1;1;1;3;3;3;2;1;1;2;2;2
Северо-западный;Архангельская;Каргополь;;;;;;;1;1;1;1;1;1;1;1;1;1;1;1;1;1;1;1;1
Северо-западный;Архангельская;Сольвычегодск;;;;;;;1;1;1;1;1;1;1;1;1;1;1;1;1;1;1;1;1
Северо-западный;Архангельская;Мезень;;;;;;;1;1;1;1;1;1;1;1;1;1;1;1;1;1;1;1;1
Северо-западный;Архангельская;Няндома;;;;;;;2;2;2;2;2;2;2;2;2;2;2;2;2;2;2;2;2
Северо-западный;Архангельская;Шенкурск;;;;;;;1;1;1;1;1;1;1;1;1;1;1;1;1;1;1;1;1
Северо-западный;Архангельская;Архангельск;;;;;;;25;26;26;26;25;26;26;26;27;25;23;22;21;20;19;19;19
Северо-западный;Архангельская;Коряжма;;;;;;;1;1;1;1;1;1;1;1;1;1;1;1;1;1;1;1;2
Северо-западный;Архангельская;Котлас;;;;;;;7;4;5;5;5;4;4;4;4;4;3;3;3;3;3;3;3
Северо-западный;Архангельская;Новодвинск;;;;;;;1;1;1;1;1;1;1;1;1;1;1;1;1;1;1;1;1
Северо-западный;Архангельская;Онега;;;;;;;1;1;1;2;2;2;2;2;2;2;2;2;2;2;2;2;2
Северо-западный;Архангельская;Северодвинск;;;;;;;9;8;7;7;7;5;6;6;6;6;7;6;6;6;7;7;7
Южный;Астраханская;Ахтубинск;;;;;;;3;1;1;1;1;1;3;3;3;3;3;1;1;1;1;1;1
Южный;Астраханская;Камызяк;;;;;;;1;1;1;1;1;1;1;1;1;1;1;1;1;1;1;1;1
Южный;Астраханская;Нариманов;;;;;;;1;1;1;1;1;1;1;1;1;1;1;1;1;1;1;1;1
Южный;Астраханская;Харабали;;;;;;;1;1;1;1;1;1;1;1;1;1;1;1;1;1;1;1;1
Южный;Астраханская;Астрахань;;;;;;;32;29;28;27;27;27;27;27;25;26;26;24;24;24;25;26;23
Центральный;Белгородская;Грайворон;;;;;;;1;2;2;2;2;2;2;2;2;2;2;2;2;2;2;2;2
Центральный;Белгородская;Короча;;;;;;;1;1;1;1;1;1;1;1;1;1;1;1;1;1;1;1;1
Центральный;Белгородская;Бирюч;;;;;;;;;;;;;;;;;1;1;1;1;1;1;1
Центральный;Белгородская;Новый Оскол;;;;;;;2;2;2;2;2;2;2;2;1;1;1;1;1;1;1;1;1
Центральный;Белгородская;Строитель;;;;;;;;;;;1;1;1;1;1;1;1;1;1;1;1;1;1
Центральный;Белгородская;Белгород;;;;;;;17;16;16;16;16;16;16;16;15;15;15;15;15;15;15;15;15
Центральный;Белгородская;Алексеевка;;;;;;;1;1;1;1;1;1;1;1;1;1;1;1;1;1;1;1;1
Центральный;Белгородская;Валуйки;;;;;;;3;3;3;3;3;3;3;3;2;1;1;1;1;1;1;1;1
Центральный;Белгородская;Губкин;;;;;;;2;3;3;3;3;3;3;3;3;3;3;2;2;2;2;2;2
Центральный;Белгородская;Старый Оскол;;;;;;;12;7;7;7;7;6;6;6;6;5;5;5;5;5;5;5;5
Центральный;Белгородская;Шебекино;;;;;;;3;3;3;3;3;4;4;4;4;4;4;4;4;4;4;4;4
Центральный;Брянская;Дятьково;;;;;;;1;1;1;1;1;1;1;1;1;1;1;1;1;1;1;1;1
Центральный;Брянская;Фокино;;;;;;;2;2;2;2;2;2;2;2;2;2;2;2;2;2;2;2;2
Центральный;Брянская;Жуковка;;;;;;;1;1;1;1;1;1;1;1;1;1;1;1;1;1;2;2;2
Центральный;Брянская;Злынка;;;;;;;1;1;1;1;1;1;1;1;1;1;1;2;2;2;2;2;2
Центральный;Брянская;Карачев;;;;;;;1;1;1;1;1;1;1;1;1;1;1;1;1;1;1;1;1
Центральный;Брянская;Мглин;;;;;;;2;2;2;2;2;2;2;2;2;2;2;2;2;2;2;1;1
Центральный;Брянская;Почеп;;;;;;;1;1;1;1;1;1;1;1;1;1;1;1;1;1;1;1;1
Центральный;Брянская;Севск;;;;;;;1;1;1;1;1;1;1;1;1;1;1;1;1;1;1;1;1
Центральный;Брянская;Стародуб;;;;;;;1;1;1;1;1;1;1;1;1;1;1;1;1;1;1;1;1
Центральный;Брянская;Сураж;;;;;;;1;1;1;1;1;1;1;1;1;1;1;1;1;1;1;1;1
Центральный;Брянская;Трубчевск;;;;;;;1;1;1;1;1;1;1;1;1;1;1;1;1;1;1;1;1
Центральный;Брянская;Унеча;;;;;;;2;2;2;2;2;2;2;2;2;1;2;2;1;1;1;1;1
Центральный;Брянская;Брянск;;;;;;;25;25;25;25;25;25;26;25;24;23;22;21;21;21;22;22;21
Центральный;Брянская;Клинцы;;;;;;;5;4;4;4;4;4;4;4;4;5;5;5;5;5;5;4;4
Центральный;Брянская;Новозыбков;;;;;;;4;4;4;3;2;2;2;2;2;3;3;3;3;3;3;2;2
Центральный;Брянская;Сельцо;;;;;;;1;1;1;1;1;1;1;1;1;1;1;1;1;1;1;1;1
Центральный;Владимирская;Александров;;;;;;;5;5;5;5;4;4;3;4;4;4;4;3;3;4;3;3;3
Центральный;Владимирская;Карабаново;;;;;;;3;3;3;3;1;1;1;1;1;1;1;1;1;1;1;1;1
Центральный;Владимирская;Струнино;;;;;;;3;3;3;3;1;1;1;1;1;1;1;1;1;1;1;1;1
Центральный;Владимирская;Вязники;;;;;;;9;5;5;5;4;4;4;4;4;4;4;4;1;1;2;2;2
Центральный;Владимирская;Гороховец;;;;;;;1;1;1;1;1;1;1;1;1;1;1;1;1;1;1;1;1
Центральный;Владимирская;Курлово;;;;;;;;;1;1;1;1;1;1;1;1;1;1;1;1;1;1;1
Центральный;Владимирская;Камешково;;;;;;;1;1;1;1;1;1;1;1;1;1;1;1;1;1;1;1;1
Центральный;Владимирская;Киржач;;;;;;;5;5;3;3;2;2;2;3;3;2;2;2;2;1;2;2;2
Центральный;Владимирская;Кольчугино;;;;;;;2;2;2;2;1;1;1;1;1;1;1;1;1;1;1;1;1
Центральный;Владимирская;Меленки;;;;;;;1;1;1;1;2;2;2;2;2;2;2;1;1;1;1;1;1
Центральный;Владимирская;Петушки;;;;;;;1;1;1;1;1;1;1;1;1;1;1;1;1;1;1;1;1
Центральный;Владимирская;Костерево;;;;;;;1;1;1;1;1;1;1;1;1;1;1;1;1;1;1;1;1
Центральный;Владимирская;Покров;;;;;;;1;1;1;1;1;1;1;1;1;1;1;1;1;1;3;2;2
Центральный;Владимирская;Собинка;;;;;;;1;1;1;1;1;1;1;1;1;1;1;1;1;1;1;1;1
Центральный;Владимирская;Лакинск;;;;;;;1;1;1;1;1;1;1;1;1;1;1;1;1;1;1;1;1
Центральный;Владимирская;Судогда;;;;;;;1;1;1;1;1;1;1;1;1;1;1;1;1;1;1;1;1
Центральный;Владимирская;Суздаль;;;;;;;1;1;1;1;1;1;1;1;1;1;1;1;1;1;1;1;1
Центральный;Владимирская;Юрьев-Польский;;;;;;;1;1;1;1;1;1;1;1;1;1;1;1;1;1;1;1;1
Центральный;Владимирская;Владимир;;;;;;;22;20;20;20;21;21;21;20;20;20;20;20;20;20;23;23;24
Центральный;Владимирская;Гусь-Хрустальный;;;;;;;17;17;16;5;5;5;5;3;3;3;3;3;3;2;2;2;2
Центральный;Владимирская;Ковров;;;;;;;4;5;5;5;4;5;4;4;4;4;4;4;4;4;4;4;4
Центральный;Владимирская;Муром;;;;;;;10;11;11;11;8;8;8;8;8;8;7;7;7;7;6;7;7
Южный;Волгоградская;Дубовка;;;;;;;1;1;1;1;1;1;1;1;1;1;1;1;1;1;1;1;1
Южный;Волгоградская;Жирновск;;;;;;;2;1;1;1;1;2;1;1;1;1;1;1;1;1;1;1;1
Южный;Волгоградская;Калач-на-Дону;;;;;;;3;2;2;2;2;2;2;2;2;2;3;3;2;2;2;2;2
Южный;Волгоградская;Петров Вал;;;;;;;1;1;1;1;1;1;1;1;1;1;1;1;1;1;1;2;2
Южный;Волгоградская;Котельниково;;;;;;;2;1;1;1;1;1;1;1;1;1;1;1;1;1;1;1;1
Южный;Волгоградская;Котово;;;;;;;6;1;1;1;1;2;1;1;1;1;1;2;2;2;2;2;2
Южный;Волгоградская;Ленинск;;;;;;;1;1;1;1;1;1;1;1;1;1;1;1;1;1;1;1;1
Южный;Волгоградская;Николаевск;;;;;;;1;3;3;1;1;1;1;1;2;2;2;2;1;1;1;1;1
Южный;Волгоградская;Новоаннинский;;;;;;;1;1;1;1;1;1;1;1;1;1;1;1;1;1;1;1;1
Южный;Волгоградская;Палласовка;;;;;;;1;1;1;1;1;1;1;1;2;2;2;2;2;2;1;1;2
Южный;Волгоградская;Серафимович;;;;;;;1;1;1;1;1;1;1;1;1;1;1;1;1;1;1;1;1
Южный;Волгоградская;Краснослободск (Волгоградская область);;;;;;;1;1;1;2;2;2;2;2;1;1;1;1;1;1;1;1;1
Южный;Волгоградская;Суровикино;;;;;;;1;2;2;1;1;1;1;1;1;1;1;1;1;1;1;1;1
Южный;Волгоградская;Волгоград;;;;;;;48;48;49;49;49;51;46;46;45;46;46;46;48;48;53;54;54
Южный;Волгоградская;Волжский;;;;;;;10;9;9;14;14;14;11;12;12;12;12;11;11;11;13;12;10
Южный;Волгоградская;Камышин;;;;;;;7;9;7;7;8;7;7;8;7;7;8;7;8;7;8;8;6
Южный;Волгоградская;Михайловка;;;;;;;6;6;6;5;5;5;5;5;5;5;5;5;5;5;5;5;11
Южный;Волгоградская;Урюпинск;;;;;;;6;4;4;1;1;1;2;2;2;2;2;2;2;1;2;2;2
Южный;Волгоградская;Фролово;;;;;;;2;1;1;2;1;2;2;2;1;1;1;1;1;1;2;2;2
Северо-западный;Вологодская;Бабаево;;;;;;;1;1;1;1;1;1;1;1;1;1;1;1;1;1;1;1;1
Северо-западный;Вологодская;Белозерск;;;;;;;1;1;1;1;1;1;1;1;1;1;1;1;1;1;1;1;1
Северо-западный;Вологодская;Вытегра;;;;;;;1;1;1;2;2;1;3;3;3;2;2;1;1;1;1;1;1
Северо-западный;Вологодская;Грязовец;;;;;;;1;1;1;1;1;1;1;1;1;1;1;1;1;1;1;1;1
Северо-западный;Вологодская;Кириллов;;;;;;;1;1;5;1;1;1;1;1;1;1;1;1;1;1;1;1;1
Северо-западный;Вологодская;Никольск (Вологодская область);;;;;;;1;1;1;1;1;1;1;1;1;1;1;1;1;1;1;1;1
Северо-западный;Вологодская;Кадников;;;;;;;1;1;1;1;1;1;1;1;1;1;1;1;1;1;1;1;1
Северо-западный;Вологодская;Тотьма;;;;;;;1;1;1;1;2;1;1;1;1;1;1;1;1;1;1;1;1
Северо-западный;Вологодская;Устюжна;;;;;;;1;1;1;1;1;1;1;1;1;1;1;1;1;1;1;1;1
Северо-западный;Вологодская;Харовск;;;;;;;1;1;1;1;1;1;1;1;1;1;1;1;1;1;1;1;1
Северо-западный;Вологодская;Вологда;;;;;;;17;18;16;16;15;17;17;17;17;18;16;17;16;16;16;16;16
Северо-западный;Вологодская;Великий Устюг;;;;;;;5;4;4;4;4;4;4;4;4;4;4;4;3;3;3;3;3
Северо-западный;Вологодская;Красавино;;;;;;;1;1;1;1;1;1;1;1;1;1;1;1;1;1;1;1;1
Северо-западный;Вологодская;Сокол;;;;;;;4;4;4;4;4;4;4;4;3;3;3;3;3;2;2;1;1
Северо-западный;Вологодская;Череповец;;;;;;;6;11;11;11;11;11;11;11;10;10;9;9;9;9;9;9;9
Центральный;Воронежская;Бобров;;;;;;;2;2;2;2;2;2;2;2;2;1;1;1;1;1;1;1;1
Центральный;Воронежская;Богучар;;;;;;;1;1;1;1;1;1;1;1;1;1;1;1;1;1;1;1;1
Центральный;Воронежская;Бутурлиновка;;;;;;;1;1;1;1;1;1;2;2;2;2;2;2;2;2;3;3;3
Центральный;Воронежская;Калач;;;;;;;1;1;1;1;1;1;1;2;2;2;2;2;2;2;2;2;1
Центральный;Воронежская;Лиски;;;;;;;3;3;3;3;3;3;3;3;3;3;2;2;2;2;2;2;2
Центральный;Воронежская;Новохоперск;;;;;;;2;2;2;2;2;2;2;2;2;2;2;2;2;2;2;1;1
Центральный;Воронежская;Острогожск;;;;;;;2;2;2;2;2;2;2;2;2;2;2;2;2;2;2;3;3
Центральный;Воронежская;Павловск (Воронежская область);;;;;;;6;6;6;6;6;4;3;3;3;3;3;3;3;4;3;3;3
Центральный;Воронежская;Поворино;;;;;;;1;1;1;1;1;1;1;1;1;1;1;1;1;1;1;1;1
Центральный;Воронежская;Россошь;;;;;;;3;3;3;3;3;2;3;2;2;2;2;2;2;2;2;2;2
Центральный;Воронежская;Семилуки;;;;;;;1;1;1;1;1;1;1;1;1;1;1;1;1;1;1;1;1
Центральный;Воронежская;Эртиль;;;;;;;1;1;1;1;1;1;1;1;1;1;1;1;1;1;1;1;1
Центральный;Воронежская;Воронеж;;;;;;;40;36;36;36;37;36;38;34;35;34;35;33;34;34;36;37;36
Центральный;Воронежская;Борисоглебск;;;;;;;2;3;3;3;5;6;6;4;4;5;5;6;5;5;4;4;4
Центральный;Воронежская;Нововоронеж;;;;;;;1;1;1;1;1;1;1;1;1;1;1;1;1;1;1;1;1
Центральный;Ивановская;Гаврилов Посад;;;;;;;1;1;1;1;1;1;1;1;1;1;1;1;1;1;1;1;1
Центральный;Ивановская;Заволжск;;;;;;;1;1;1;1;1;1;1;1;1;1;1;1;1;1;1;1;1
Центральный;Ивановская;Кохма;;;;;;;1;1;1;1;1;1;1;1;1;1;1;1;2;2;2;4;4
Центральный;Ивановская;Наволоки;;;;;;;1;1;1;1;1;1;1;1;1;1;1;1;1;1;1;1;1
Центральный;Ивановская;Комсомольск;;;;;;;1;1;1;1;1;1;1;1;1;1;1;1;1;1;1;1;1
Центральный;Ивановская;Плес;;;;;;;1;1;1;1;1;1;1;1;1;1;1;1;1;1;1;1;1
Центральный;Ивановская;Приволжск;;;;;;;1;1;1;1;1;1;1;1;1;1;1;1;1;1;1;1;1
Центральный;Ивановская;Пучеж;;;;;;;1;1;1;1;1;1;1;1;1;1;1;1;1;1;1;1;1
Центральный;Ивановская;Родники;;;;;;;1;1;1;1;1;1;1;1;1;1;1;1;1;1;1;1;1
Центральный;Ивановская;Южа;;;;;;;1;1;1;1;1;1;1;1;1;1;1;1;1;1;1;1;1
Центральный;Ивановская;Юрьевец;;;;;;;1;5;5;1;1;1;1;1;1;1;1;1;1;1;1;1;1
Центральный;Ивановская;Иваново;;;;;;;25;24;24;24;24;24;24;23;23;24;24;25;25;25;25;25;25
Центральный;Ивановская;Вичуга;;;;;;;2;2;2;2;2;1;1;1;1;1;1;1;1;1;1;1;1
Центральный;Ивановская;Кинешма;;;;;;;6;6;6;6;6;5;4;4;4;4;4;4;4;4;4;5;4
Центральный;Ивановская;Тейково;;;;;;;3;3;3;2;2;2;2;2;2;2;2;2;2;2;2;1;1
Центральный;Ивановская;Фурманов;;;;;;;5;5;4;4;4;4;4;4;3;1;1;1;1;1;1;1;1
Центральный;Ивановская;Шуя;;;;;;;4;4;4;4;4;3;3;3;2;2;2;2;2;2;2;2;2
Северо-западный;Калининградская;Багратионовск;;;;;;;1;1;1;1;1;1;1;1;1;1;1;1;1;1;1;1;1
Северо-западный;Калининградская;Ладушкин;;;;;;;1;1;1;2;2;1;1;1;1;1;1;1;1;1;1;1;1
Северо-западный;Калининградская;Мамоново;;;;;;;1;1;1;1;1;1;1;1;1;1;1;1;1;1;1;1;1
Северо-западный;Калининградская;Гвардейск;;;;;;;1;1;1;1;1;1;1;1;1;1;1;1;1;1;1;1;1
Северо-западный;Калининградская;Гурьевск (Калининградская область);;;;;;;1;1;1;1;1;1;1;1;1;1;1;1;1;1;1;1;1
Северо-западный;Калининградская;Гусев;;;;;;;1;1;1;1;1;1;1;1;1;1;1;1;1;1;1;1;1
Северо-западный;Калининградская;Зеленоградск;;;;;;;1;1;1;1;1;1;1;1;1;1;1;1;1;1;1;1;1
Северо-западный;Калининградская;Краснознаменск (Калининградская область);;;;;;;1;1;1;1;1;1;1;1;1;1;1;1;1;1;1;1;1
Северо-западный;Калининградская;Неман;;;;;;;3;1;1;1;1;1;1;1;1;1;1;1;1;1;1;1;1
Северо-западный;Калининградская;Нестеров;;;;;;;1;1;1;1;1;1;1;1;1;1;1;1;1;1;1;1;1
Северо-западный;Калининградская;Озерск;;;;;;;1;1;1;1;1;1;1;1;1;1;1;1;1;1;1;1;1
Северо-западный;Калининградская;Полесск;;;;;;;1;1;1;1;1;1;1;1;1;1;1;1;1;1;1;1;1
Северо-западный;Калининградская;Правдинск;;;;;;;1;1;1;1;1;1;1;1;1;1;1;1;1;1;1;1;1
Северо-западный;Калининградская;Славск;;;;;;;1;3;1;1;1;1;1;1;1;1;1;1;1;1;1;1;1
Северо-западный;Калининградская;Черняховск;;;;;;;3;2;2;3;4;4;4;3;3;4;3;3;3;2;2;3;3
Северо-западный;Калининградская;Калининград;;;;;;;28;31;31;32;31;32;31;34;33;32;36;29;27;24;25;26;25
Северо-западный;Калининградская;Балтийск;;;;;;;1;1;1;1;1;1;1;1;1;1;1;1;1;1;1;2;2
Северо-западный;Калининградская;Пионерский;;;;;;;1;1;1;1;1;1;1;1;1;1;1;1;1;1;1;1;1
Северо-западный;Калининградская;Светлогорск;;;;;;;;1;;;;;;;;;;;;;;;
Северо-западный;Калининградская;Светлый;;;;;;;1;1;1;1;1;1;1;1;1;1;1;1;1;1;1;1;1
Северо-западный;Калининградская;Советск (Калининградская область);;;;;;;8;7;6;6;6;6;6;6;6;4;4;4;3;3;3;3;3
Центральный;Калужская;Боровск;;;;;;;1;1;1;1;1;1;1;1;1;;1;;1;1;1;1;1
Центральный;Калужская;Балабаново;;;;;;;1;1;1;1;1;1;1;1;1;;1;;1;1;1;1;1
Центральный;Калужская;Кондрово;;;;;;;1;1;1;1;1;1;1;1;1;1;1;1;1;1;1;1;1
Центральный;Калужская;Жиздра;;;;;;;1;1;1;1;1;1;1;1;1;1;1;1;1;1;1;1;1
Центральный;Калужская;Жуков;;;;;;;1;2;2;2;2;2;2;2;2;1;2;2;2;2;1;1;1
Центральный;Калужская;Козельск;;;;;;;1;1;1;1;1;1;1;1;1;1;1;1;1;1;1;1;1
Центральный;Калужская;Сосенский;;;;;;;1;1;1;1;1;1;1;1;1;1;1;1;1;1;1;1;1
Центральный;Калужская;Малоярославец;;;;;;;1;1;1;1;1;1;1;1;1;1;1;1;1;1;1;1;1
Центральный;Калужская;Медынь;;;;;;;1;1;1;1;1;1;1;1;1;1;1;1;1;1;1;1;1
Центральный;Калужская;Мещовск;;;;;;;1;1;1;1;1;1;1;1;1;1;1;1;1;1;1;1;1
Центральный;Калужская;Мосальск;;;;;;;1;1;1;1;1;1;1;1;1;1;1;1;1;1;1;1;1
Центральный;Калужская;Спас-Деменск;;;;;;;1;1;1;1;1;1;1;1;1;1;1;1;1;1;1;1;1
Центральный;Калужская;Сухиничи;;;;;;;2;2;2;2;2;2;3;3;2;2;2;1;2;2;2;2;2
Центральный;Калужская;Таруса;;;;;;;1;1;1;1;1;1;1;1;1;1;1;1;1;1;1;1;1
Центральный;Калужская;Юхнов;;;;;;;1;1;1;1;1;1;1;1;1;1;1;1;1;1;1;1;1
Центральный;Калужская;Калуга;;;;;;;16;16;16;16;16;16;16;16;16;17;17;18;19;18;18;18;17
Центральный;Калужская;Киров (Калужская область);;;;;;;2;2;2;2;1;1;1;1;1;1;1;1;1;1;1;1;1
Центральный;Калужская;Людиново;;;;;;;1;1;1;1;1;1;1;1;1;1;1;1;1;1;1;1;1
Центральный;Калужская;Обнинск;;;;;;;2;2;2;2;2;5;2;2;2;2;2;2;2;2;2;2;2
Центральный;Костромская;Кологрив;;;;;;;1;1;1;1;1;1;1;1;1;1;1;1;1;1;1;1;1
Центральный;Костромская;Макарьев;;;;;;;2;1;1;1;1;1;1;1;1;1;1;1;1;1;1;1;1
Центральный;Костромская;Солигалич;;;;;;;1;1;1;1;1;1;1;1;1;1;1;1;1;1;1;1;1
Центральный;Костромская;Чухлома;;;;;;;1;1;1;1;1;1;1;1;1;1;1;1;1;1;1;1;1
Центральный;Костромская;Кострома;;;;;;;13;12;12;11;11;12;12;12;13;15;16;13;13;13;18;18;18
Центральный;Костромская;Буй;;;;;;;2;1;1;1;2;2;2;2;2;2;2;1;1;1;2;;
Центральный;Костромская;Волгореченск;;;;;;;1;1;1;1;1;1;1;1;1;1;1;1;1;1;1;1;1
Центральный;Костромская;Галич;;;;;;;1;1;1;1;1;1;1;1;1;1;1;1;1;1;1;;
Центральный;Костромская;Мантурово;;;;;;;1;1;1;1;1;1;1;1;1;1;1;1;1;1;2;;
Центральный;Костромская;Нерехта;;;;;;;3;2;2;2;2;2;1;1;1;1;1;1;1;1;1;;
Центральный;Костромская;Нея;;;;;;;1;1;1;1;1;1;1;1;1;1;1;1;1;1;2;;
Центральный;Костромская;Шарья;;;;;;;2;1;1;1;2;1;1;1;1;1;1;1;1;1;1;;
Южный;Краснодарский край;Абинск;;;;;;;1;1;1;1;1;1;1;1;1;1;1;1;1;1;1;1;1
Южный;Краснодарский край;Апшеронск;;;;;;;3;3;3;3;3;3;3;3;3;3;3;3;3;2;2;1;1
Южный;Краснодарский край;Хадыженск;;;;;;;2;2;2;2;2;2;2;2;1;1;1;1;1;1;1;1;1
Южный;Краснодарский край;Гулькевичи;;;;;;;1;1;1;1;1;1;1;1;1;1;1;1;1;1;1;1;1
Южный;Краснодарский край;Кореновск;;;;;;;4;4;4;4;4;4;4;1;1;1;1;1;1;1;1;1;2
Южный;Краснодарский край;Курганинск;;;;;;;1;1;1;1;1;1;1;1;1;1;2;2;2;2;2;2;2
Южный;Краснодарский край;Новокубанск;;;;;;;1;1;1;1;1;1;1;1;1;2;2;2;2;2;1;1;1
Южный;Краснодарский край;Приморско-Ахтарск;;;;;;;3;4;3;3;3;3;3;3;3;3;3;3;3;3;4;4;3
Южный;Краснодарский край;Темрюк;;;;;;;3;3;3;3;3;4;4;4;3;3;3;3;3;3;3;3;2
Южный;Краснодарский край;Тимашевск;;;;;;;2;2;2;2;2;2;2;2;2;2;2;2;2;2;1;2;2
Южный;Краснодарский край;Усть-Лабинск;;;;;;;1;1;1;1;1;1;1;1;1;1;1;1;2;3;3;2;3
Южный;Краснодарский край;Краснодар;;;;;;;5;22;20;20;19;19;20;20;16;16;13;29;31;29;28;29;29
Южный;Краснодарский край;Анапа;;;;;;;3;3;3;3;3;3;4;4;4;4;4;7;7;7;7;9;8
Южный;Краснодарский край;Армавир;;;;;;;11;11;11;10;10;18;19;20;9;9;9;10;9;9;9;9;9
Южный;Краснодарский край;Белореченск;;;;;;;2;2;2;2;2;2;2;2;2;2;2;2;2;2;5;3;3
Южный;Краснодарский край;Геленджик;;;;;;;10;7;7;7;7;7;7;7;7;7;7;7;7;7;7;7;6
Южный;Краснодарский край;Горячий Ключ;;;;;;;7;2;1;1;1;1;1;1;1;1;1;1;1;2;2;1;1
Южный;Краснодарский край;Ейск;;;;;;;8;8;8;2;2;2;3;4;4;5;5;6;6;11;6;6;6
Южный;Краснодарский край;Кропоткин;;;;;;;9;6;6;5;5;5;5;5;5;4;4;3;3;3;3;3;3
Южный;Краснодарский край;Крымск;;;;;;;4;4;4;4;4;3;2;2;2;2;3;3;3;3;1;1;1
Южный;Краснодарский край;Лабинск;;;;;;;5;5;6;6;6;3;3;3;3;3;3;3;4;4;3;3;3
Южный;Краснодарский край;Новороссийск;;;;;;;13;15;15;15;15;11;13;13;13;15;15;15;15;16;15;16;15
Южный;Краснодарский край;Славянск-на-Кубани;;;;;;;1;1;1;1;1;1;1;1;1;3;3;3;3;3;2;2;2
Южный;Краснодарский край;Сочи;;;;;;;21;22;22;22;22;22;22;20;22;19;19;20;18;17;16;16;16
Южный;Краснодарский край;Тихорецк;;;;;;;2;2;2;2;2;2;2;2;2;3;3;2;2;2;2;2;2
Южный;Краснодарский край;Туапсе;;;;;;;11;10;10;10;10;10;10;10;10;10;7;7;7;7;5;6;5
Центральный;Курская;Дмитриев-Льговский;;;;;;;1;1;1;1;1;1;1;1;;;;;;;;;
Центральный;Курская;Обоянь;;;;;;;1;2;1;1;1;1;1;1;;;;;;;;;
Центральный;Курская;Рыльск;;;;;;;2;5;3;2;2;2;2;4;;;;;;;;;
Центральный;Курская;Суджа;;;;;;;1;1;1;1;1;1;1;1;;;;;;;;;
Центральный;Курская;Фатеж;;;;;;;1;1;1;1;1;1;1;1;;;;;;;;;
Центральный;Курская;Курск;;;;;;;21;21;21;22;22;21;21;21;21;24;23;20;19;21;21;21;21
Центральный;Курская;Железногорск;;;;;;;4;4;4;4;5;5;5;5;5;5;4;3;3;3;3;3;3
Центральный;Курская;Курчатов;;;;;;;1;1;1;1;1;1;1;1;1;1;1;1;1;1;1;1;1
Центральный;Курская;Льгов;;;;;;;2;2;2;2;2;2;2;3;;;;;;;;;
Центральный;Курская;Щигры;;;;;;;2;2;2;1;1;1;1;1;;;;;;;;;
Северо-западный;Ленинградская;Санкт-Петербург;;;;;;;103;101;124;126;122;122;119;119;122;123;116;111;111;110;112;112;112
Северо-западный;Ленинградская;Колпино;;;;;;;4;4;;;;;;;;;;;;;;;
Северо-западный;Ленинградская;Кронштадт;;;;;;;1;1;;;;;;;;;;;;;;;
Северо-западный;Ленинградская;Сестрорецк;;;;;;;3;4;;;;;;;;;;;;;;;
Северо-западный;Ленинградская;Петергоф;;;;;;;2;2;;;;;;;;;;;;;;;
Северо-западный;Ленинградская;Ломоносов;;;;;;;1;1;;;;;;;;;;;;;;;
Северо-западный;Ленинградская;Пушкин;;;;;;;5;5;;;;;;;;;;;;;;;
Северо-западный;Ленинградская;Волосово;;;;;;;;;1;1;1;1;1;1;1;1;1;1;1;1;1;1;1
Северо-западный;Ленинградская;Новая Ладога;;;;;;;1;1;1;1;1;1;1;1;1;1;1;1;1;1;;;
Северо-западный;Ленинградская;Сясьстрой;;;;;;;1;1;1;1;1;1;1;1;1;1;1;1;1;1;;;
Северо-западный;Ленинградская;Каменногорск;;;;;;;1;1;1;1;1;1;1;1;1;1;1;1;1;1;1;;
Северо-западный;Ленинградская;Приморск (Ленинградская область);;;;;;;1;1;1;1;1;1;1;1;1;1;1;1;1;1;1;1;1
Северо-западный;Ленинградская;Светогорск;;;;;;;1;1;1;1;1;1;1;1;1;1;1;1;1;1;1;1;1
Северо-западный;Ленинградская;Коммунар;;;;;;;1;1;1;1;1;1;1;1;1;1;1;1;1;;;;
Северо-западный;Ленинградская;Отрадное;;;;;;;1;1;1;1;1;1;1;1;1;1;1;1;1;;;;
Северо-западный;Ленинградская;Любань;;;;;;;;;1;1;1;1;1;1;1;;;;;;;;
Северо-западный;Ленинградская;Никольское;;;;;;;1;1;1;1;1;1;1;1;1;;;;;;;;
Северо-западный;Ленинградская;Бокситогорск;;;;;;;1;1;1;1;1;1;1;1;1;1;1;1;1;1;1;1;1
Северо-западный;Ленинградская;Волхов;;;;;;;2;2;2;2;2;2;2;2;2;2;2;2;2;2;2;2;2
Северо-западный;Ленинградская;Всеволожск;;;;;;;1;1;1;1;1;1;1;1;1;1;1;1;1;1;1;1;1
Северо-западный;Ленинградская;Выборг;;;;;;;4;4;4;6;6;6;6;6;6;6;6;6;6;6;6;6;6
Северо-западный;Ленинградская;Гатчина;;;;;;;2;2;2;2;2;1;1;1;1;1;1;1;1;1;1;1;1
Северо-западный;Ленинградская;Ивангород;;;;;;;1;1;1;1;1;1;1;1;1;1;1;1;1;1;1;1;
Северо-западный;Ленинградская;Кингисепп;;;;;;;1;1;1;1;1;1;1;1;1;1;1;1;1;1;1;1;1
Северо-западный;Ленинградская;Кириши;;;;;;;1;1;1;1;1;1;1;1;1;1;1;1;1;1;1;1;1
Северо-западный;Ленинградская;Кировск (Ленинградская область);;;;;;;1;1;1;1;1;1;1;1;1;1;1;1;1;1;1;1;1
Северо-западный;Ленинградская;Лодейное Поле;;;;;;;1;1;1;1;1;1;1;1;1;1;1;1;1;1;1;1;1
Северо-западный;Ленинградская;Луга;;;;;;;1;1;1;1;1;1;1;1;1;1;1;1;1;1;1;1;1
Северо-западный;Ленинградская;Пикалево;;;;;;;1;1;1;1;1;1;1;1;1;1;1;1;1;1;1;;
Северо-западный;Ленинградская;Подпорожье;;;;;;;1;1;1;1;1;1;1;1;1;1;1;1;1;1;1;1;1
Северо-западный;Ленинградская;Приозерск;;;;;;;1;1;1;1;1;1;1;1;1;1;1;1;1;1;1;1;1
Северо-западный;Ленинградская;Сертолово;;;;;;;;;;;;;;1;1;1;1;1;1;1;1;1;1
Северо-западный;Ленинградская;Сланцы;;;;;;;1;1;1;1;1;1;1;1;1;1;1;1;1;1;1;1;1
Северо-западный;Ленинградская;Сосновый Бор;;;;;;;;;;1;1;1;1;1;1;1;1;1;1;1;1;1;1
Северо-западный;Ленинградская;Тихвин;;;;;;;1;1;1;3;3;3;3;3;3;3;3;3;3;3;3;3;3
Северо-западный;Ленинградская;Тосно;;;;;;;1;1;1;1;1;1;1;1;1;1;1;1;1;1;1;1;1
Северо-западный;Ленинградская;Шлиссельбург;;;;;;;;1;1;1;1;1;1;1;1;;;;;;;;
Центральный;Липецкая;Грязи;;;;;;;4;4;4;3;3;3;3;3;4;3;3;2;2;3;2;2;2
Центральный;Липецкая;Данков;;;;;;;2;2;2;2;2;2;3;2;2;2;2;2;2;1;1;1;1
Центральный;Липецкая;Задонск;;;;;;;1;1;1;1;1;1;1;1;1;1;1;1;1;1;1;1;1
Центральный;Липецкая;Лебедянь;;;;;;;2;2;2;2;2;2;2;2;2;1;1;1;1;1;1;1;1
Центральный;Липецкая;Усмань;;;;;;;4;4;4;4;4;4;4;4;4;4;4;1;4;1;1;1;1
Центральный;Липецкая;Чаплыгин;;;;;;;1;1;1;1;1;1;1;1;1;1;1;1;1;1;2;1;1
Центральный;Липецкая;Липецк;;;;;;;23;23;23;23;23;24;24;24;24;24;26;26;26;26;25;23;20
Центральный;Липецкая;Елец;;;;;;;8;8;8;8;8;8;9;9;9;8;8;8;8;8;8;8;7
Центральный;Московская;Москва;;;;;;;221;228;230;226;228;228;233;238;246;252;255;252;232;232;228;211;207
Центральный;Московская;Балашиха;;;;;;;1;6;7;7;7;7;8;8;8;8;8;8;7;7;6;6;4
Центральный;Московская;Волоколамск;;;;;;;2;2;2;2;2;3;3;3;3;2;2;2;2;2;2;2;1
Центральный;Московская;Воскресенск;;;;;;;5;4;6;5;4;4;4;4;3;3;3;2;2;2;2;2;2
Центральный;Московская;Дмитров;;;;;;;4;4;2;2;2;2;2;2;2;2;2;2;2;2;2;2;2
Центральный;Московская;Яхрома;;;;;;;2;2;2;2;2;2;2;2;2;2;2;2;2;1;2;2;1
Центральный;Московская;Домодедово;;;;;;;2;2;2;2;2;2;1;1;1;2;2;2;2;2;3;1;1
Центральный;Московская;Егорьевск;;;;;;;7;8;11;11;11;3;3;3;3;3;3;3;3;3;3;3;3
Центральный;Московская;Сергиев Посад;;;;;;;6;5;5;5;3;3;3;3;3;3;3;4;4;4;6;5;5
Центральный;Московская;Краснозаводск;;;;;;;2;2;2;1;1;1;1;1;1;1;1;1;1;1;1;1;1
Центральный;Московская;Пересвет;;;;;;;;;;1;1;1;1;1;1;1;1;1;1;1;1;1;1
Центральный;Московская;Хотьково;;;;;;;1;1;1;1;1;1;1;1;1;1;1;1;1;1;2;2;2
Центральный;Московская;Зарайск;;;;;;;1;1;1;1;1;1;1;1;1;1;1;1;1;1;1;1;1
Центральный;Московская;Истра;;;;;;;1;1;1;1;1;1;1;1;1;1;1;1;1;1;1;1;1
Центральный;Московская;Дедовск;;;;;;;1;4;2;2;2;2;2;2;2;1;1;1;1;1;1;1;1
Центральный;Московская;Кашира;;;;;;;8;8;8;8;8;8;8;8;8;2;2;2;2;2;2;2;1
Центральный;Московская;Ожерелье;;;;;;;1;1;1;1;1;1;1;1;1;1;1;;;;;;
Центральный;Московская;Клин;;;;;;;7;6;7;7;7;7;7;7;7;6;6;6;6;6;6;6;7
Центральный;Московская;Высоковск;;;;;;;1;1;1;1;1;1;1;1;1;1;1;1;1;1;1;1;1
Центральный;Московская;Красногорск (Московская область);;;;;;;5;5;3;3;3;3;3;4;3;3;3;3;3;3;3;3;3
Центральный;Московская;Видное;;;;;;;4;4;4;4;4;4;4;4;4;4;4;4;4;2;2;2;2
Центральный;Московская;Московский;;;;;;;;;;;;;;1;1;1;1;1;1;1;1;;
Центральный;Московская;Луховицы;;;;;;;1;1;1;1;1;1;1;1;1;1;1;1;1;1;1;1;1
Центральный;Московская;Люберцы;;;;;;;4;4;5;5;5;4;5;5;5;5;5;4;4;4;3;3;4
Центральный;Московская;Можайск;;;;;;;2;2;2;1;2;1;1;1;1;1;1;1;1;1;1;1;1
Центральный;Московская;Мытищи;;;;;;;5;5;5;5;2;2;2;2;2;1;1;1;1;1;1;1;1
Центральный;Московская;Наро-Фоминск;;;;;;;1;1;1;1;1;1;1;2;3;2;2;2;2;2;2;2;1
Центральный;Московская;Апрелевка;;;;;;;1;1;1;1;1;1;1;1;1;1;1;1;1;1;1;1;1
Центральный;Московская;Верея;;;;;;;1;1;1;1;1;1;1;1;1;1;1;1;1;1;1;1;
Центральный;Московская;Ногинск;;;;;;;6;6;6;6;7;7;6;6;6;6;5;5;3;3;3;3;3
Центральный;Московская;Старая Купавна;;;;;;;;;;;;;;1;1;1;1;1;1;1;1;1;1
Центральный;Московская;Электроугли;;;;;;;1;;;;;;;;1;1;1;1;1;1;1;1;1
Центральный;Московская;Одинцово;;;;;;;2;2;3;5;4;4;4;4;4;4;3;4;4;4;3;3;3
Центральный;Московская;Голицыно;;;;;;;;;;;;;;1;1;1;1;;;;;;
Центральный;Московская;Кубинка;;;;;;;;;;;;;;;;;;1;1;1;1;1;3
Центральный;Московская;Озеры;;;;;;;4;4;1;1;1;1;1;1;1;1;1;1;1;1;1;1;1
Центральный;Московская;Дрезна;;;;;;;1;1;1;1;1;1;1;1;1;1;1;1;1;1;1;1;1
Центральный;Московская;Куровское;;;;;;;2;1;1;1;1;1;1;2;1;1;1;1;1;1;1;1;1
Центральный;Московская;Ликино-Дулево;;;;;;;3;2;2;2;2;2;2;2;1;1;1;1;1;1;1;1;1
Центральный;Московская;Павловский Посад;;;;;;;14;5;6;4;4;4;4;4;5;4;4;3;4;4;4;4;4
Центральный;Московская;Пушкино;;;;;;;4;8;8;1;1;1;1;1;1;1;1;1;1;1;1;1;1
Центральный;Московская;Раменское;;;;;;;6;5;5;7;7;7;7;7;7;7;7;4;4;4;4;4;4
Центральный;Московская;Руза;;;;;;;1;1;1;1;1;1;1;1;1;1;1;1;;;1;1;1
Центральный;Московская;Солнечногорск;;;;;;;1;1;1;1;1;1;1;1;1;1;1;1;1;1;1;1;1
Центральный;Московская;Черноголовка;;;;;;;;;;;1;1;1;1;1;1;1;1;1;1;1;1;1
Центральный;Московская;Электрогорск;;;;;;;1;1;1;1;1;1;1;1;1;1;1;1;1;1;1;1;1
Центральный;Московская;Ступино;;;;;;;2;1;1;1;1;1;1;2;2;3;3;3;3;3;3;3;3
Центральный;Московская;Талдом;;;;;;;1;1;1;1;1;1;1;1;1;1;1;1;1;1;1;1;1
Центральный;Московская;Сходня;;;;;;;1;1;1;1;1;1;1;;;;;;;;;;
Центральный;Московская;Чехов (Московская область);;;;;;;1;1;1;1;2;2;2;2;2;2;2;2;2;2;2;2;2
Центральный;Московская;Шатура;;;;;;;1;1;1;1;1;1;1;1;1;1;1;1;1;1;1;1;1
Центральный;Московская;Щелково;;;;;;;13;9;5;5;5;5;2;2;2;2;2;2;2;2;2;2;2
Центральный;Московская;Бронницы;;;;;;;1;1;1;1;1;1;1;1;1;1;1;1;1;1;1;1;1
Центральный;Московская;Дзержинский;;;;;;;2;2;2;2;2;2;2;2;2;2;2;2;2;2;2;2;2
Центральный;Московская;Долгопрудный;;;;;;;2;2;2;4;4;4;4;4;4;2;1;1;1;1;1;1;2
Центральный;Московская;Дубна;;;;;;;6;3;3;3;3;2;2;2;2;2;2;3;3;3;3;2;2
Центральный;Московская;Железнодорожный;;;;;;;4;10;4;4;4;4;4;4;4;4;1;1;1;2;2;2;2
Центральный;Московская;Жуковский;;;;;;;8;8;5;5;5;4;4;4;4;4;4;2;2;2;2;2;2
Центральный;Московская;Звенигород;;;;;;;3;3;1;1;2;2;1;1;1;1;1;1;1;1;1;1;1
Центральный;Московская;Ивантеевка;;;;;;;3;3;3;2;2;2;2;2;2;2;2;2;1;1;1;1;1
Центральный;Московская;Королев;;;;;;;7;7;10;9;9;9;9;9;9;4;4;4;4;4;4;6;6
Центральный;Московская;Климовск;;;;;;;2;2;2;3;2;2;3;2;2;2;2;2;2;2;2;2;2
Центральный;Московская;Коломна;;;;;;;5;5;5;5;5;5;5;5;6;4;4;4;4;4;4;4;4
Центральный;Московская;Лобня;;;;;;;1;1;1;1;1;1;1;1;2;1;1;1;1;1;1;1;1
Центральный;Московская;Лыткарино;;;;;;;1;1;1;1;1;1;1;1;1;1;1;1;1;1;1;1;1
Центральный;Московская;Лосино-Петровский;;;;;;;1;1;1;1;1;2;2;2;2;1;1;1;1;1;1;1;1
Центральный;Московская;Красноармейск (Московская область);;;;;;;1;1;1;1;1;1;1;1;1;1;1;1;1;1;1;1;1
Центральный;Московская;Орехово-Зуево;;;;;;;12;12;12;12;12;12;10;10;10;10;4;4;4;8;8;4;4
Центральный;Московская;Подольск;;;;;;;6;6;5;6;6;6;6;6;6;4;4;5;5;5;5;5;5
Центральный;Московская;Пущино;;;;;;;1;1;1;1;1;1;1;1;1;1;1;1;1;1;1;1;1
Центральный;Московская;Реутов;;;;;;;1;2;2;2;2;2;2;2;2;2;2;2;1;1;1;1;1
Центральный;Московская;Рошаль;;;;;;;3;1;1;3;3;3;2;2;2;3;2;2;2;2;2;2;2
Центральный;Московская;Протвино;;;;;;;1;1;1;1;1;1;1;1;1;1;1;1;1;1;1;1;1
Центральный;Московская;Серпухов;;;;;;;14;5;5;5;5;5;5;5;5;6;6;6;6;6;6;6;6
Центральный;Московская;Троицк (Московская область);;;;;;;2;2;2;2;2;2;2;2;2;2;2;2;2;2;2;;
Центральный;Московская;Фрязино;;;;;;;1;1;1;1;1;1;1;1;1;1;1;1;1;1;1;1;1
Центральный;Московская;Химки;;;;;;;4;4;4;5;4;4;4;6;6;8;8;8;8;7;7;7;7
Центральный;Московская;Щербинка;;;;;;;1;1;1;1;1;1;1;1;1;1;1;1;1;1;1;;
Центральный;Московская;Электросталь;;;;;;;4;4;4;4;4;4;4;4;6;6;6;6;8;9;16;16;17
Центральный;Московская;Юбилейный;;;;;;;;1;;1;;;;;;;;;;;1;1;1
Северо-западный;Мурманская;Кандалакша;;;;;;;4;4;4;4;4;4;4;4;3;3;3;3;4;2;3;3;3
Северо-западный;Мурманская;Ковдор;;;;;;;1;1;1;1;1;1;1;1;1;1;1;1;1;1;1;1;
Северо-западный;Мурманская;Кола;;;;;;;5;5;5;5;5;5;5;5;3;1;2;3;3;3;3;3;3
Северо-западный;Мурманская;Заполярный;;;;;;;1;1;1;1;1;1;1;1;1;1;1;1;2;1;1;1;1
Северо-западный;Мурманская;Мурманск;;;;;;;18;17;17;17;19;19;19;18;18;18;18;17;18;19;19;19;18
Северо-западный;Мурманская;Апатиты;;;;;;;4;4;4;4;4;2;3;3;3;3;3;2;2;2;3;3;3
Северо-западный;Мурманская;Кировск (Мурманская область);;;;;;;2;2;2;2;2;2;2;2;2;2;2;1;1;1;1;;
Северо-западный;Мурманская;Мончегорск;;;;;;;1;1;1;1;1;1;1;1;1;1;1;1;1;1;1;1;1
Северо-западный;Мурманская;Оленегорск;;;;;;;1;1;1;1;1;1;1;1;1;1;1;1;2;3;1;1;1
Северо-западный;Мурманская;Полярные Зори;;;;;;;2;2;2;2;2;2;2;2;2;2;2;2;2;2;2;2;2
Приволжский;Нижегородская;Балахна;;;;;;;3;3;3;3;3;3;3;3;3;3;3;3;3;3;3;3;3
Приволжский;Нижегородская;Богородск;;;;;;;4;4;4;4;4;4;4;4;4;2;2;2;2;2;2;2;2
Приволжский;Нижегородская;Ветлуга;;;;;;;1;1;1;1;1;1;1;1;1;1;1;1;1;1;1;1;1
Приволжский;Нижегородская;Городец;;;;;;;3;3;8;8;3;3;3;3;3;3;3;3;2;2;1;1;1
Приволжский;Нижегородская;Заволжье;;;;;;;1;1;3;3;2;2;2;2;2;1;1;1;1;1;1;1;1
Приволжский;Нижегородская;Володарск;;;;;;;1;1;1;1;1;1;1;1;1;1;1;1;1;1;1;1;1
Приволжский;Нижегородская;Княгинино;;;;;;;;1;1;1;1;1;1;1;1;1;1;1;1;1;1;1;1
Приволжский;Нижегородская;Кстово;;;;;;;7;6;6;6;3;3;3;3;3;2;2;2;2;2;2;2;2
Приволжский;Нижегородская;Кулебаки;;;;;;;3;4;4;4;4;4;4;4;5;4;2;2;2;2;2;2;2
Приволжский;Нижегородская;Лукоянов;;;;;;;2;2;2;2;2;2;2;2;2;2;2;1;1;1;1;1;1
Приволжский;Нижегородская;Лысково;;;;;;;1;1;1;1;1;1;1;1;1;1;1;1;1;1;1;1;1
Приволжский;Нижегородская;Навашино;;;;;;;1;1;1;1;1;1;1;1;1;1;1;1;1;1;1;1;1
Приволжский;Нижегородская;Павлово;;;;;;;7;7;7;7;7;7;7;7;7;6;6;6;2;2;2;2;2
Приволжский;Нижегородская;Ворсма;;;;;;;1;1;1;1;1;1;1;1;1;1;1;1;1;1;1;1;1
Приволжский;Нижегородская;Горбатов;;;;;;;1;1;1;1;1;1;1;1;1;1;1;1;1;1;1;1;1
Приволжский;Нижегородская;Перевоз;;;;;;;;;;;1;1;1;1;1;1;1;1;1;1;1;1;1
Приволжский;Нижегородская;Сергач;;;;;;;2;2;2;2;2;2;2;2;2;2;1;1;1;1;1;1;1
Приволжский;Нижегородская;Урень;;;;;;;1;1;1;1;1;1;1;1;1;1;1;1;1;1;1;1;1
Приволжский;Нижегородская;Чкаловск;;;;;;;2;2;2;2;2;2;2;2;2;2;2;1;1;1;1;1;1
Приволжский;Нижегородская;Нижний Новгород;;;;;;;70;70;72;70;69;68;71;71;70;71;70;67;69;72;69;71;66
Приволжский;Нижегородская;Арзамас;;;;;;;7;8;7;6;6;6;6;6;6;6;6;6;6;6;6;6;5
Приволжский;Нижегородская;Бор;;;;;;;6;6;6;3;3;3;4;4;3;2;3;3;3;3;8;4;3
Приволжский;Нижегородская;Выкса;;;;;;;6;6;8;8;6;6;5;5;5;2;2;5;5;5;8;8;8
Приволжский;Нижегородская;Дзержинск;;;;;;;16;16;15;17;17;17;17;17;17;18;12;18;18;14;14;14;13
Приволжский;Нижегородская;Первомайск;;;;;;;1;1;1;1;1;1;1;1;1;1;1;1;1;1;1;1;1
Приволжский;Нижегородская;Семенов;;;;;;;1;1;1;1;1;1;1;1;1;1;1;1;1;1;4;4;4
Приволжский;Нижегородская;Шахунья;;;;;;;2;2;2;2;2;2;2;2;2;1;1;1;2;2;2;1;1
Северо-западный;Новгородская;Валдай;;;;;;;1;1;1;1;1;1;1;1;1;2;2;1;1;2;2;2;2
Северо-западный;Новгородская;Малая Вишера;;;;;;;1;1;1;1;1;1;1;2;1;1;1;1;1;1;1;1;1
Северо-западный;Новгородская;Окуловка;;;;;;;1;1;1;1;1;1;1;1;1;1;1;1;1;1;1;1;1
Северо-западный;Новгородская;Пестово;;;;;;;1;1;1;1;1;1;1;1;1;1;1;1;1;1;1;1;1
Северо-западный;Новгородская;Сольцы;;;;;;;1;1;1;1;1;1;1;1;1;1;1;1;1;1;1;1;1
Северо-западный;Новгородская;Холм;;;;;;;1;1;1;1;1;1;1;1;1;1;1;1;1;1;1;1;1
Северо-западный;Новгородская;Чудово;;;;;;;3;1;1;2;2;2;2;3;2;2;2;2;2;2;2;2;2
Северо-западный;Новгородская;Великий Новгород;;;;;;;16;15;15;17;17;17;17;17;17;16;16;16;16;17;14;13;13
Северо-западный;Новгородская;Боровичи;;;;;;;6;4;4;4;5;5;5;4;4;4;4;3;3;4;4;4;4
Северо-западный;Новгородская;Старая Русса;;;;;;;4;4;4;4;4;3;4;3;3;3;3;3;3;3;3;3;3
Приволжский;Оренбургская;Оренбург;;;;;;;30;31;31;30;29;28;27;26;26;25;25;25;26;26;27;27;27
Приволжский;Оренбургская;Абдулино;;;;;;;4;4;4;4;4;3;3;3;3;1;1;1;1;1;1;1;1
Приволжский;Оренбургская;Бугуруслан;;;;;;;5;5;5;5;5;5;5;5;5;5;5;5;5;5;5;4;4
Приволжский;Оренбургская;Бузулук;;;;;;;7;7;7;7;7;7;7;8;8;7;7;7;7;7;6;6;5
Приволжский;Оренбургская;Гай;;;;;;;5;4;4;4;4;4;4;3;2;2;2;2;2;2;2;2;2
Приволжский;Оренбургская;Кувандык;;;;;;;7;7;7;7;7;6;6;6;6;2;2;2;2;2;2;1;1
Приволжский;Оренбургская;Медногорск;;;;;;;3;3;1;1;1;1;1;1;1;2;2;2;2;2;2;1;1
Приволжский;Оренбургская;Новотроицк;;;;;;;6;6;6;6;6;7;7;7;7;8;6;6;6;6;6;4;3
Приволжский;Оренбургская;Орск;;;;;;;14;14;14;14;13;13;13;13;13;12;12;12;12;12;13;11;11
Приволжский;Оренбургская;Соль-Илецк;;;;;;;6;6;6;6;6;6;6;6;6;2;2;2;2;2;2;2;2
Приволжский;Оренбургская;Сорочинск;;;;;;;5;5;5;5;5;5;5;5;5;1;1;1;1;1;1;1;1
Приволжский;Оренбургская;Ясный;;;;;;;3;3;3;3;3;3;4;4;4;1;1;1;1;1;1;1;1
Центральный;Орловская;Болхов;;;;;;;1;1;1;1;1;1;1;1;1;1;1;1;1;1;1;1;1
Центральный;Орловская;Дмитровск;;;;;;;1;1;1;1;1;1;1;1;1;1;1;1;1;1;1;1;1
Центральный;Орловская;Малоархангельск;;;;;;;1;1;1;1;1;1;1;1;1;1;1;1;1;1;1;1;1
Центральный;Орловская;Новосиль;;;;;;;1;1;1;1;1;1;1;1;1;1;1;1;1;1;1;1;1
Центральный;Орловская;Орел;;;;;;;15;15;15;15;15;15;15;15;15;17;17;15;15;15;16;16;16
Центральный;Орловская;Ливны;;;;;;;2;2;2;2;2;2;2;2;1;2;2;1;1;1;1;1;1
Центральный;Орловская;Мценск;;;;;;;2;2;2;2;2;2;2;2;1;1;1;1;1;1;1;1;1
Приволжский;Пензенская;Спасск;;;;;;;1;1;1;1;1;1;1;1;1;1;1;1;1;1;1;1;1
Приволжский;Пензенская;Белинский;;;;;;;1;1;1;1;1;1;1;1;1;1;1;1;1;1;1;1;1
Приволжский;Пензенская;Городище;;;;;;;1;1;1;1;1;1;1;1;1;1;1;1;1;1;1;1;1
Приволжский;Пензенская;Сурск;;;;;;;1;1;1;1;1;1;1;1;1;;;;;;;;
Приволжский;Пензенская;Каменка;;;;;;;2;1;1;1;1;1;1;1;1;1;1;1;1;1;1;1;1
Приволжский;Пензенская;Нижний Ломов;;;;;;;4;4;4;1;1;1;1;1;1;1;1;1;1;1;1;1;1
Приволжский;Пензенская;Никольск (Пензенская область);;;;;;;2;2;2;1;1;1;1;1;1;1;1;1;1;1;1;1;1
Приволжский;Пензенская;Сердобск;;;;;;;10;3;2;1;1;1;2;2;2;1;1;1;1;1;2;2;2
Приволжский;Пензенская;Пенза;;;;;;;23;23;23;24;23;23;23;23;22;19;19;19;19;19;23;22;22
Приволжский;Пензенская;Кузнецк;;;;;;;9;7;7;7;7;6;7;6;5;2;2;2;2;2;2;1;2
Приволжский;Пермский край;Кудымкар;;;;;;;5;5;6;6;6;6;6;6;6;6;6;6;4;4;3;3;3
Приволжский;Пермский край;Верещагино;;;;;;;5;5;5;2;2;1;1;1;1;1;1;1;1;1;1;1;1
Приволжский;Пермский край;Горнозаводск (Пермский край);;;;;;;15;3;3;1;1;1;1;1;1;1;1;1;1;1;1;1;1
Приволжский;Пермский край;Чермоз;;;;;;;2;2;2;2;1;1;2;2;1;2;1;1;1;1;1;1;1
Приволжский;Пермский край;Красновишерск;;;;;;;1;1;1;1;1;1;1;1;1;1;1;1;1;1;1;1;1
Приволжский;Пермский край;Нытва;;;;;;;2;2;2;2;1;2;2;1;1;1;1;1;1;1;1;1;1
Приволжский;Пермский край;Оса;;;;;;;1;1;1;1;1;1;1;1;1;1;1;1;1;1;1;1;1
Приволжский;Пермский край;Оханск;;;;;;;1;1;1;1;1;1;1;1;1;1;1;1;1;1;1;1;1
Приволжский;Пермский край;Очер;;;;;;;2;1;1;1;1;1;1;1;1;1;1;1;1;1;1;1;1
Приволжский;Пермский край;Усолье;;;;;;;1;1;1;1;1;1;1;1;1;1;1;1;1;1;1;1;1
Приволжский;Пермский край;Чердынь;;;;;;;1;2;1;1;1;1;1;1;1;1;1;1;1;1;1;1;1
Приволжский;Пермский край;Чернушка;;;;;;;1;1;3;1;1;1;1;1;1;2;2;2;2;2;2;2;2
Приволжский;Пермский край;Пермь;;;;;;;51;48;49;48;46;45;44;47;45;46;44;40;39;38;42;38;36
Приволжский;Пермский край;Александровск;;;;;;;3;3;3;3;3;2;2;2;2;1;1;1;1;1;1;1;1
Приволжский;Пермский край;Березники;;;;;;;19;7;7;7;7;7;7;7;7;7;7;7;7;7;7;7;7
Приволжский;Пермский край;Гремячинск;;;;;;;3;3;3;2;1;1;1;1;1;1;1;1;1;1;1;1;1
Приволжский;Пермский край;Губаха;;;;;;;1;5;2;2;2;2;2;2;2;3;3;3;3;3;3;3;3
Приволжский;Пермский край;Добрянка;;;;;;;4;7;2;4;4;4;2;2;2;2;2;2;1;1;1;1;1
Приволжский;Пермский край;Кизел;;;;;;;9;9;7;7;7;6;6;4;3;3;3;2;3;1;1;1;1
Приволжский;Пермский край;Краснокамск;;;;;;;4;4;4;4;4;4;4;4;4;4;4;4;3;3;3;3;1
Приволжский;Пермский край;Кунгур;;;;;;;10;10;12;12;12;7;7;7;7;7;7;7;5;4;3;2;1
Приволжский;Пермский край;Лысьва;;;;;;;8;4;4;4;8;7;7;7;6;6;6;6;3;3;3;3;3
Приволжский;Пермский край;Соликамск;;;;;;;9;9;9;9;9;8;9;9;9;10;10;10;9;9;8;8;7
Приволжский;Пермский край;Чайковский;;;;;;;7;5;5;4;4;4;4;5;5;6;7;7;4;3;3;3;2
Приволжский;Пермский край;Чусовой;;;;;;;5;6;6;6;8;7;6;5;6;7;6;5;2;2;1;1;1
Северо-западный;Псковская;Гдов;;;;;;;1;1;1;1;1;1;1;1;1;1;1;1;1;1;1;1;1
Северо-западный;Псковская;Дно;;;;;;;2;1;1;1;1;1;1;1;1;1;1;1;1;1;1;1;1
Северо-западный;Псковская;Невель;;;;;;;1;1;1;1;2;2;2;1;1;1;1;1;1;1;1;1;1
Северо-западный;Псковская;Новоржев;;;;;;;1;1;1;1;1;1;1;1;1;1;1;1;1;1;1;1;1
Северо-западный;Псковская;Новосокольники;;;;;;;2;2;2;2;2;2;2;2;2;2;2;1;1;1;1;1;1
Северо-западный;Псковская;Опочка;;;;;;;1;1;1;1;1;1;1;1;1;1;1;1;1;1;1;1;1
Северо-западный;Псковская;Остров;;;;;;;1;1;1;1;1;1;1;1;1;1;1;1;1;1;1;1;1
Северо-западный;Псковская;Печоры;;;;;;;1;1;1;1;1;1;1;1;1;1;1;1;1;1;1;1;1
Северо-западный;Псковская;Порхов;;;;;;;1;1;1;1;1;1;1;1;1;1;1;1;1;1;1;1;1
Северо-западный;Псковская;Пустошка;;;;;;;1;1;1;1;1;1;1;1;1;1;1;1;1;1;1;1;1
Северо-западный;Псковская;Пыталово;;;;;;;1;1;1;1;1;1;1;1;1;1;1;1;1;1;1;1;1
Северо-западный;Псковская;Себеж;;;;;;;1;2;1;1;1;1;1;1;1;1;1;1;1;1;1;1;1
Северо-западный;Псковская;Псков;;;;;;;12;12;12;14;16;18;18;16;18;17;15;15;15;16;16;16;14
Северо-западный;Псковская;Великие Луки;;;;;;;5;10;8;9;10;9;9;8;8;7;7;7;6;6;6;3;3
Южный;Респ. Адыгея;Майкоп;;;;;;;3;10;10;10;12;13;11;12;12;11;12;11;11;11;12;12;12
Южный;Респ. Адыгея;Адыгейск;;;;;;;1;1;1;1;1;1;1;1;1;1;1;1;1;1;1;1;1
Приволжский;Респ. Башкортостан;Уфа;;;;;;;43;43;43;41;40;38;38;38;39;36;36;35;36;36;36;36;36
Приволжский;Респ. Башкортостан;Агидель;;;;;;;1;1;1;1;1;1;1;1;1;1;1;1;1;1;1;1;1
Приволжский;Респ. Башкортостан;Баймак;;;;;;;8;8;8;8;6;6;6;6;4;1;1;1;1;1;1;1;1
Приволжский;Респ. Башкортостан;Белебей;;;;;;;7;5;5;9;9;8;8;5;4;2;2;2;2;1;1;1;1
Приволжский;Респ. Башкортостан;Белорецк;;;;;;;9;9;9;16;16;14;14;13;12;8;8;8;8;7;3;3;3
Приволжский;Респ. Башкортостан;Бирск;;;;;;;7;6;6;6;6;6;6;6;6;2;2;2;2;1;1;1;1
Приволжский;Респ. Башкортостан;Благовещенск (Республика Башкортостан);;;;;;;3;3;3;3;3;3;3;3;3;1;1;1;1;1;1;1;1
Приволжский;Респ. Башкортостан;Дюртюли;;;;;;;5;5;4;5;4;4;4;4;4;2;1;1;1;1;1;1;1
Приволжский;Респ. Башкортостан;Давлеканово;;;;;;;3;3;3;3;3;3;2;2;2;1;1;1;1;1;1;1;1
Приволжский;Респ. Башкортостан;Ишимбай;;;;;;;12;12;12;11;10;10;10;11;11;3;2;2;2;1;1;1;1
Приволжский;Респ. Башкортостан;Кумертау;;;;;;;7;8;7;7;7;7;9;9;8;2;2;2;4;3;3;1;1
Приволжский;Респ. Башкортостан;Мелеуз;;;;;;;6;6;6;6;2;3;3;3;2;1;1;1;1;1;1;1;1
Приволжский;Респ. Башкортостан;Нефтекамск;;;;;;;10;10;10;10;10;10;10;10;9;2;2;2;2;1;1;1;1
Приволжский;Респ. Башкортостан;Октябрьский;;;;;;;8;8;8;8;8;8;8;8;7;6;6;6;6;5;5;1;1
Приволжский;Респ. Башкортостан;Салават;;;;;;;10;10;10;10;10;10;10;10;10;9;9;8;8;6;6;7;6
Приволжский;Респ. Башкортостан;Сибай;;;;;;;5;5;5;5;6;6;6;6;4;2;2;2;2;2;2;2;2
Приволжский;Респ. Башкортостан;Стерлитамак;;;;;;;13;13;13;12;11;11;11;11;11;11;11;11;11;11;11;11;11
Приволжский;Респ. Башкортостан;Туймазы;;;;;;;8;8;8;8;9;9;9;9;7;1;1;1;1;1;1;1;1
Приволжский;Респ. Башкортостан;Учалы;;;;;;;7;7;6;6;6;6;6;6;6;1;1;1;1;1;1;1;1
Приволжский;Респ. Башкортостан;Янаул;;;;;;;5;4;3;3;3;3;3;3;3;1;1;1;1;1;1;1;1
Южный;Респ. Калмыкия;Городовиковск;;;;;;;1;3;1;1;1;1;1;1;1;1;1;1;1;1;1;1;1
Южный;Респ. Калмыкия;Лагань;;;;;;;1;2;1;1;1;1;1;1;1;1;1;1;1;1;1;1;1
Южный;Респ. Калмыкия;Элиста;;;;;;;10;11;11;11;11;11;11;11;11;12;12;12;12;10;14;14;12
Северо-западный;Респ. Карелия;Беломорск;;;;;;;1;1;1;1;1;1;1;1;1;1;1;1;1;1;1;1;1
Северо-западный;Респ. Карелия;Кемь;;;;;;;2;2;2;2;2;2;2;2;2;2;2;2;2;2;2;2;2
Северо-западный;Респ. Карелия;Кондопога;;;;;;;1;1;1;1;1;1;1;1;1;1;1;1;1;1;1;1;1
Северо-западный;Респ. Карелия;Лахденпохья;;;;;;;1;1;1;1;1;1;1;1;1;1;1;1;1;1;1;1;
Северо-западный;Респ. Карелия;Медвежьегорск;;;;;;;1;1;1;1;1;1;1;1;1;1;3;2;2;1;1;2;2
Северо-западный;Респ. Карелия;Олонец;;;;;;;1;1;1;1;1;1;1;1;1;1;1;1;1;1;1;1;1
Северо-западный;Респ. Карелия;Питкяранта;;;;;;;1;1;1;1;1;1;1;1;1;1;1;1;1;1;1;1;1
Северо-западный;Респ. Карелия;Пудож;;;;;;;1;1;1;1;1;1;1;1;1;1;1;1;1;1;1;1;1
Северо-западный;Респ. Карелия;Сегежа;;;;;;;1;1;1;1;1;1;1;1;1;1;1;1;1;1;1;1;1
Северо-западный;Респ. Карелия;Суоярви;;;;;;;1;1;1;1;1;1;1;1;1;1;1;1;1;1;1;1;1
Северо-западный;Респ. Карелия;Петрозаводск;;;;;;;15;15;15;15;15;16;16;16;15;15;14;15;15;15;16;16;16
Северо-западный;Респ. Карелия;Костомукша;;;;;;;1;1;1;1;1;1;1;1;1;1;1;1;1;1;1;1;1
Северо-западный;Респ. Карелия;Сортавала;;;;;;;1;1;1;1;1;2;1;1;1;1;1;1;1;1;1;1;1
Северо-западный;Респ. Коми;Емва;;;;;;;1;1;5;4;4;4;4;4;4;4;4;1;2;3;4;5;4
Северо-западный;Респ. Коми;Микунь;;;;;;;2;2;5;5;5;5;5;5;5;5;4;4;5;4;5;5;4
Северо-западный;Респ. Коми;Сыктывкар;;;;;;;14;17;19;18;17;17;17;17;18;18;16;17;16;15;19;19;19
Северо-западный;Респ. Коми;Воркута;;;;;;;14;14;14;14;13;12;12;13;12;12;13;11;9;8;9;8;8
Северо-западный;Респ. Коми;Вуктыл;;;;;;;3;3;3;3;3;3;3;3;3;3;3;1;1;1;1;1;1
Северо-западный;Респ. Коми;Инта;;;;;;;3;2;2;2;2;1;1;1;1;1;1;1;1;1;1;1;1
Северо-западный;Респ. Коми;Печора;;;;;;;9;9;9;10;10;9;10;9;8;8;8;5;5;4;5;5;5
Северо-западный;Респ. Коми;Сосногорск;;;;;;;6;5;5;5;5;5;5;4;4;4;4;4;4;4;5;5;5
Северо-западный;Респ. Коми;Усинск;;;;;;;4;4;4;4;4;4;4;4;4;4;5;1;1;1;1;1;1
Северо-западный;Респ. Коми;Ухта;;;;;;;6;7;7;7;8;8;8;7;6;6;5;6;6;6;8;8;7
Приволжский;Респ. Мари Эл;Звенигово;;;;;;;2;2;2;2;2;2;2;2;2;2;2;2;2;2;1;1;1
Приволжский;Респ. Мари Эл;Йошкар-Ола;;;;;;;21;18;17;17;18;17;17;17;17;14;15;14;15;14;14;15;15
Приволжский;Респ. Мари Эл;Волжск;;;;;;;5;4;4;4;4;4;4;4;3;1;1;1;1;1;1;1;1
Приволжский;Респ. Мари Эл;Козьмодемьянск;;;;;;;2;2;1;1;1;1;1;1;1;1;1;1;1;1;1;1;1
Приволжский;Респ. Мордовия;Ардатов;;;;;;;1;1;1;1;1;1;1;1;1;1;1;1;1;1;1;1;1
Приволжский;Респ. Мордовия;Инсар;;;;;;;1;1;1;1;1;1;1;1;1;1;1;1;1;1;1;1;1
Приволжский;Респ. Мордовия;Краснослободск (Республика Мордовия);;;;;;;1;1;1;1;1;1;1;1;2;1;1;1;1;1;1;1;1
Приволжский;Респ. Мордовия;Темников;;;;;;;2;1;1;1;1;1;1;1;1;1;1;1;1;1;1;1;1
Приволжский;Респ. Мордовия;Саранск;;;;;;;19;19;20;20;20;19;19;19;19;21;20;20;20;20;20;20;19
Приволжский;Респ. Мордовия;Ковылкино;;;;;;;2;2;2;2;2;2;2;2;2;5;5;3;3;1;1;1;1
Приволжский;Респ. Мордовия;Рузаевка;;;;;;;1;1;1;1;1;1;1;1;1;1;1;1;2;2;2;2;2
Приволжский;Респ. Татарстан;Агрыз;;;;;;;2;2;2;2;5;5;5;4;3;3;2;2;2;2;2;2;2
Приволжский;Респ. Татарстан;Арск;;;;;;;;;;;;;;;;;;;;;;1;1
Приволжский;Респ. Татарстан;Болгар;;;;;;;1;1;1;1;5;3;3;3;2;1;1;1;1;1;1;1;1
Приволжский;Респ. Татарстан;Лаишево;;;;;;;;;;;;;;;3;2;1;1;1;1;1;1;1
Приволжский;Респ. Татарстан;Мамадыш;;;;;;;1;1;1;1;6;4;3;3;3;2;1;1;1;1;1;1;1
Приволжский;Респ. Татарстан;Менделеевск;;;;;;;1;1;1;1;3;3;2;2;2;2;2;2;2;2;2;2;2
Приволжский;Респ. Татарстан;Мензелинск;;;;;;;1;1;1;1;2;2;2;2;2;2;2;2;2;2;2;2;2
Приволжский;Респ. Татарстан;Тетюши;;;;;;;1;2;1;1;3;2;2;2;2;2;1;1;1;1;1;1;1
Приволжский;Респ. Татарстан;Казань;;;;;;;65;61;64;64;61;63;61;60;59;55;49;44;44;43;44;42;38
Приволжский;Респ. Татарстан;Азнакаево;;;;;;;2;2;2;6;6;3;3;3;2;2;1;1;2;2;2;2;2
Приволжский;Респ. Татарстан;Альметьевск;;;;;;;26;10;10;11;11;11;10;10;10;10;5;5;4;4;3;3;3
Приволжский;Респ. Татарстан;Бавлы;;;;;;;;1;1;3;3;2;2;2;2;1;1;1;1;1;1;1;1
Приволжский;Респ. Татарстан;Бугульма;;;;;;;9;9;9;11;11;9;9;9;7;7;3;3;2;2;2;2;2
Приволжский;Респ. Татарстан;Буинск;;;;;;;1;1;1;3;5;4;4;4;3;3;1;1;1;1;1;1;1
Приволжский;Респ. Татарстан;Елабуга;;;;;;;6;5;5;5;5;3;3;3;2;2;1;1;1;1;1;1;1
Приволжский;Респ. Татарстан;Заинск;;;;;;;2;2;2;4;4;3;3;3;3;3;2;1;1;1;1;1;1
Приволжский;Респ. Татарстан;Зеленодольск;;;;;;;9;9;8;14;14;12;12;10;9;9;8;7;6;2;2;2;2
Приволжский;Респ. Татарстан;Лениногорск;;;;;;;10;10;10;10;11;9;9;8;7;6;1;1;1;1;1;1;1
Приволжский;Респ. Татарстан;Набережные Челны;;;;;;;16;16;16;16;16;16;16;15;16;16;11;11;10;10;8;8;8
Приволжский;Респ. Татарстан;Нижнекамск;;;;;;;14;14;14;14;14;14;14;14;13;13;7;9;6;6;6;6;7
Приволжский;Респ. Татарстан;Нурлат;;;;;;;1;1;1;5;5;4;4;4;3;2;1;1;1;1;1;1;1
Приволжский;Респ. Татарстан;Чистополь;;;;;;;10;5;6;9;9;9;9;7;7;7;3;3;3;3;3;3;3
Приволжский;Респ. Удмуртия;Камбарка;;;;;;;1;4;3;3;4;4;4;4;4;4;4;1;2;2;2;2;2
Приволжский;Респ. Удмуртия;Ижевск;;;;;;;36;49;37;35;39;40;37;37;38;32;32;31;30;28;30;30;30
Приволжский;Респ. Удмуртия;Воткинск;;;;;;;5;6;5;6;5;5;5;3;3;3;4;4;4;5;5;5;5
Приволжский;Респ. Удмуртия;Глазов;;;;;;;4;5;6;5;5;5;5;5;6;5;6;6;6;6;6;5;5
Приволжский;Респ. Удмуртия;Можга;;;;;;;2;7;5;6;6;6;4;5;6;5;6;2;2;3;3;2;3
Приволжский;Респ. Удмуртия;Сарапул;;;;;;;9;11;11;9;9;9;9;10;10;10;9;9;9;9;9;8;8
Приволжский;Респ. Чувашия;Козловка;;;;;;;1;1;1;1;1;1;1;1;1;1;1;1;1;1;1;1;2
Приволжский;Респ. Чувашия;Мариинский Посад;;;;;;;1;1;1;1;1;1;1;1;1;1;1;1;1;1;1;1;1
Приволжский;Респ. Чувашия;Цивильск;;;;;;;3;3;2;1;1;1;1;1;1;1;1;1;1;1;1;1;2
Приволжский;Респ. Чувашия;Ядрин;;;;;;;1;2;2;2;2;2;2;2;2;2;2;2;2;2;2;2;2
Приволжский;Респ. Чувашия;Чебоксары;;;;;;;26;27;27;27;26;26;26;26;26;26;26;25;26;26;26;25;26
Приволжский;Респ. Чувашия;Алатырь;;;;;;;4;6;5;5;4;4;8;4;3;2;2;2;2;2;2;2;2
Приволжский;Респ. Чувашия;Канаш;;;;;;;11;4;4;4;4;4;4;4;4;3;3;3;3;3;3;3;2
Приволжский;Респ. Чувашия;Новочебоксарск;;;;;;;4;5;5;5;5;6;6;6;5;4;4;4;4;4;4;4;3
Приволжский;Респ. Чувашия;Шумерля;;;;;;;5;5;6;6;6;6;6;6;4;3;3;3;2;2;2;2;1
Южный;Ростовская;Аксай;;;;;;;1;1;1;1;1;1;1;3;3;;;;;;;;
Южный;Ростовская;Белая Калитва;;;;;;;9;8;8;8;8;7;7;7;5;;;;;;;;
Южный;Ростовская;Зерноград;;;;;;;1;1;2;2;2;1;1;2;2;;;;;;;;
Южный;Ростовская;Константиновск;;;;;;;2;2;2;2;2;2;1;1;1;;;;;;;;
Южный;Ростовская;Красный Сулин;;;;;;;3;2;2;2;2;2;2;2;2;;;;;;;;
Южный;Ростовская;Миллерово;;;;;;;4;4;4;4;4;4;4;3;4;;;;;;;;
Южный;Ростовская;Морозовск;;;;;;;3;2;2;2;2;2;1;2;2;;;;;;;;
Южный;Ростовская;Пролетарск;;;;;;;1;1;1;1;1;1;1;1;1;;;;;;;;
Южный;Ростовская;Сальск;;;;;;;2;2;2;2;2;2;2;2;3;;;;;;;;
Южный;Ростовская;Семикаракорск;;;;;;;1;1;1;1;1;1;1;1;1;;;;;;;;
Южный;Ростовская;Цимлянск;;;;;;;2;2;2;2;2;2;2;2;2;;;;;;;;
Южный;Ростовская;Ростов-на-Дону;;;;;;;41;41;41;41;41;41;41;42;41;40;44;38;37;39;41;41;41
Южный;Ростовская;Азов;;;;;;;6;6;6;6;6;6;6;6;6;6;3;3;3;3;3;3;1
Южный;Ростовская;Батайск;;;;;;;4;4;4;4;4;4;4;3;3;4;2;2;2;1;1;1;1
Южный;Ростовская;Волгодонск;;;;;;;10;9;9;9;8;8;8;8;9;9;5;5;5;5;5;5;5
Южный;Ростовская;Гуково;;;;;;;5;5;5;5;5;5;5;5;5;4;2;2;2;2;1;1;1
Южный;Ростовская;Донецк;;;;;;;2;2;2;2;2;2;2;2;2;2;1;1;1;1;1;1;1
Южный;Ростовская;Зверево;;;;;;;1;1;1;1;1;1;1;1;1;1;1;1;1;1;1;1;1
Южный;Ростовская;Каменск-Шахтинский;;;;;;;7;7;6;6;6;6;6;5;5;6;3;3;3;3;2;2;2
Южный;Ростовская;Новочеркасск;;;;;;;16;16;16;16;15;14;14;13;13;13;10;10;11;11;11;11;10
Южный;Ростовская;Новошахтинск;;;;;;;7;10;8;8;8;8;8;8;8;8;5;5;5;3;3;3;3
Южный;Ростовская;Таганрог;;;;;;;15;15;15;15;15;15;15;13;13;13;11;10;10;11;10;10;9
Южный;Ростовская;Шахты;;;;;;;16;16;16;16;16;16;16;15;16;16;12;12;9;9;10;10;9
Центральный;Рязанская;Спас-Клепики;;;;;;;1;1;1;1;1;1;1;1;1;1;1;1;1;1;1;1;1
Центральный;Рязанская;Кораблино;;;;;;;1;1;1;1;1;1;1;1;1;1;1;1;1;1;1;1;1
Центральный;Рязанская;Михайлов;;;;;;;2;3;1;1;1;1;1;1;1;1;1;1;3;3;1;1;1
Центральный;Рязанская;Новомичуринск;;;;;;;1;1;2;2;2;1;1;1;1;1;1;1;1;1;1;1;1
Центральный;Рязанская;Рыбное;;;;;;;2;2;2;2;2;2;2;2;2;2;2;2;2;2;2;2;2
Центральный;Рязанская;Ряжск;;;;;;;2;2;2;2;2;2;2;2;2;2;1;1;1;1;1;1;1
Центральный;Рязанская;Спасск-Рязанский;;;;;;;1;1;1;1;1;1;1;1;1;1;1;1;1;1;1;1;1
Центральный;Рязанская;Шацк;;;;;;;1;1;1;1;1;1;1;1;1;1;1;1;1;1;1;1;1
Центральный;Рязанская;Рязань;;;;;;;24;24;26;24;24;28;28;27;27;27;27;25;25;25;28;28;28
Центральный;Рязанская;Касимов;;;;;;;5;5;5;5;5;5;5;5;5;5;2;1;2;2;2;2;2
Центральный;Рязанская;Сасово;;;;;;;2;2;2;2;2;3;3;3;3;3;2;2;1;1;1;1;1
Центральный;Рязанская;Скопин;;;;;;;6;6;6;6;6;5;5;5;5;5;1;1;2;1;2;2;2
Приволжский;Самарская;Самара;;;;;;;39;39;37;37;34;35;36;35;32;32;32;35;36;37;47;47;46
Приволжский;Самарская;Жигулевск;;;;;;;3;3;3;3;3;3;3;3;2;1;1;1;1;1;1;1;1
Приволжский;Самарская;Новокуйбышевск;;;;;;;8;8;8;5;5;5;5;5;5;5;5;5;5;5;6;6;2
Приволжский;Самарская;Октябрьск;;;;;;;2;2;2;2;2;2;1;1;1;1;1;1;1;1;1;1;1
Приволжский;Самарская;Отрадный;;;;;;;2;2;2;2;2;2;2;2;2;2;2;2;2;2;2;2;1
Приволжский;Самарская;Сызрань;;;;;;;11;9;9;9;9;9;9;9;9;9;9;9;9;9;10;10;9
Приволжский;Самарская;Тольятти;;;;;;;14;14;14;14;14;13;13;13;13;13;13;16;15;14;17;16;16
Приволжский;Самарская;Чапаевск;;;;;;;6;4;4;3;3;3;3;3;3;4;4;4;4;4;4;4;1
Приволжский;Саратовская;Аркадак;;;;;;;1;1;1;1;1;1;1;1;1;1;1;1;1;1;1;1;1
Приволжский;Саратовская;Ершов;;;;;;;2;2;2;2;2;2;2;2;2;2;2;2;2;2;2;2;2
Приволжский;Саратовская;Калининск;;;;;;;1;1;1;1;1;1;1;1;1;1;2;1;1;1;1;1;1
Приволжский;Саратовская;Красный Кут;;;;;;;1;1;1;1;1;1;1;1;1;1;1;1;1;1;1;1;1
Приволжский;Саратовская;Новоузенск;;;;;;;1;1;1;1;1;1;1;1;1;1;1;1;1;1;1;1;1
Приволжский;Саратовская;Саратов;;;;;;;43;42;40;39;39;37;39;39;39;39;44;44;44;46;44;45;41
Приволжский;Саратовская;Аткарск;;;;;;;3;3;3;3;2;3;2;2;2;2;2;2;2;2;2;2;2
Приволжский;Саратовская;Балаково;;;;;;;8;8;9;9;9;9;9;9;8;9;9;8;8;7;7;7;7
Приволжский;Саратовская;Балашов;;;;;;;8;8;8;8;8;8;8;8;7;6;7;6;6;6;6;6;6
Приволжский;Саратовская;Вольск;;;;;;;7;7;6;6;6;6;6;6;6;7;8;8;8;7;8;7;5
Приволжский;Саратовская;Красноармейск (Саратовская область);;;;;;;1;1;1;1;1;1;1;1;1;1;1;1;1;1;1;1;1
Приволжский;Саратовская;Маркс;;;;;;;1;1;1;1;1;1;1;1;1;1;1;1;1;1;1;1;1
Приволжский;Саратовская;Петровск;;;;;;;1;1;1;1;1;1;1;1;1;1;1;1;1;1;1;1;1
Приволжский;Саратовская;Пугачев;;;;;;;2;2;2;2;2;2;2;2;2;1;2;2;2;2;2;2;2
Приволжский;Саратовская;Ртищево;;;;;;;2;2;2;2;2;2;2;2;2;2;2;2;2;2;2;2;2
Приволжский;Саратовская;Хвалынск;;;;;;;1;1;1;1;1;1;1;1;1;1;1;1;1;1;1;1;1
Приволжский;Саратовская;Энгельс;;;;;;;10;10;11;11;11;9;9;9;11;11;11;9;9;9;9;9;10
Центральный;Смоленская;Велиж;;;;;;;1;1;1;1;1;1;1;1;1;1;1;1;1;1;1;1;1
Центральный;Смоленская;Вязьма;;;;;;;4;5;5;4;4;3;3;2;2;2;2;2;2;2;2;2;3
Центральный;Смоленская;Гагарин;;;;;;;1;1;1;1;1;1;1;1;1;1;1;1;1;1;1;1;1
Центральный;Смоленская;Демидов;;;;;;;1;1;1;1;1;1;1;1;1;1;1;1;1;1;1;1;1
Центральный;Смоленская;Дорогобуж;;;;;;;1;3;3;3;1;1;;;;;;;;;;;2
Центральный;Смоленская;Духовщина;;;;;;;1;1;1;1;1;1;1;1;1;1;1;1;1;1;1;1;2
Центральный;Смоленская;Ельня;;;;;;;1;1;1;1;1;1;1;1;1;1;1;1;1;1;1;1;1
Центральный;Смоленская;Починок;;;;;;;1;3;3;1;1;1;1;1;1;1;1;1;1;1;1;1;2
Центральный;Смоленская;Рославль;;;;;;;4;3;3;3;3;2;2;2;2;2;2;2;2;2;3;3;3
Центральный;Смоленская;Рудня;;;;;;;1;1;1;1;1;1;1;1;1;1;1;1;1;1;1;1;1
Центральный;Смоленская;Сафоново;;;;;;;1;2;2;2;2;2;2;2;2;2;2;2;2;1;2;2;5
Центральный;Смоленская;Сычевка;;;;;;;1;1;1;1;1;1;1;1;1;1;1;1;1;1;1;1;2
Центральный;Смоленская;Ярцево;;;;;;;1;1;1;2;2;2;2;2;2;2;2;2;2;1;1;1;1
Центральный;Смоленская;Смоленск;;;;;;;17;17;17;17;17;17;17;17;17;17;17;16;16;15;17;17;17
Центральный;Смоленская;Десногорск;;;;;;;1;1;1;1;1;1;1;1;1;1;1;1;1;1;1;1;1
Центральный;Тамбовская;Жердевка;;;;;;;2;2;2;2;2;2;2;2;2;2;1;1;1;1;1;1;1
Центральный;Тамбовская;Тамбов;;;;;;;19;18;18;18;16;16;16;16;14;14;14;14;16;16;16;16;17
Центральный;Тамбовская;Кирсанов;;;;;;;3;3;3;3;3;3;3;2;2;2;2;1;1;1;1;1;1
Центральный;Тамбовская;Котовск;;;;;;;1;1;1;1;1;1;1;1;1;1;1;1;1;1;1;1;1
Центральный;Тамбовская;Мичуринск;;;;;;;7;7;7;7;7;7;6;6;6;6;6;6;6;6;6;6;4
Центральный;Тамбовская;Моршанск;;;;;;;5;5;5;5;5;5;5;5;6;6;5;3;3;5;5;5;1
Центральный;Тамбовская;Рассказово;;;;;;;3;2;2;2;2;2;2;2;2;2;1;1;1;1;1;1;3
Центральный;Тамбовская;Уварово;;;;;;;4;4;4;4;4;4;3;3;2;1;1;1;1;1;1;1;1
Центральный;Тверская;Андреаполь;;;;;;;1;1;1;1;1;1;1;1;1;1;1;1;1;1;1;1;1
Центральный;Тверская;Белый;;;;;;;1;1;1;1;1;1;1;1;1;1;1;1;1;1;1;1;1
Центральный;Тверская;Весьегонск;;;;;;;1;1;1;1;1;1;1;1;1;1;1;1;1;1;1;1;1
Центральный;Тверская;Западная Двина;;;;;;;1;1;1;1;1;1;1;1;1;1;1;1;1;1;1;1;1
Центральный;Тверская;Зубцов;;;;;;;1;1;1;1;1;1;1;1;1;1;1;1;1;1;1;1;1
Центральный;Тверская;Калязин;;;;;;;1;1;1;1;1;1;1;1;1;1;1;1;1;1;1;1;1
Центральный;Тверская;Красный Холм;;;;;;;1;1;1;1;1;1;1;1;1;1;1;1;1;1;1;1;1
Центральный;Тверская;Кувшиново;;;;;;;1;1;1;1;1;1;1;1;1;1;1;1;1;1;1;1;1
Центральный;Тверская;Лихославль;;;;;;;1;1;1;1;1;1;1;1;1;1;1;1;1;1;1;1;1
Центральный;Тверская;Старица;;;;;;;1;1;1;1;1;1;1;1;1;1;1;1;1;1;1;1;1
Центральный;Тверская;Торопец;;;;;;;1;1;1;1;1;1;1;1;1;1;1;1;1;1;1;1;1
Центральный;Тверская;Тверь;;;;;;;25;24;24;24;23;23;23;23;23;24;24;23;23;26;27;27;28
Центральный;Тверская;Бежецк;;;;;;;1;1;1;1;1;1;1;1;1;1;1;1;;1;1;1;1
Центральный;Тверская;Бологое;;;;;;;2;2;2;2;2;2;2;2;2;2;2;1;;;;;
Центральный;Тверская;Вышний Волочек;;;;;;;4;4;4;4;4;4;4;4;4;4;3;3;3;4;4;3;2
Центральный;Тверская;Кашин;;;;;;;1;1;1;1;1;1;1;1;1;2;2;2;1;2;2;2;2
Центральный;Тверская;Кимры;;;;;;;3;3;3;2;2;1;1;1;1;2;1;1;1;1;1;1;1
Центральный;Тверская;Конаково;;;;;;;1;1;1;1;1;1;1;1;1;1;7;7;1;1;1;1;1
Центральный;Тверская;Нелидово;;;;;;;3;3;3;3;3;2;2;2;1;1;1;1;;;;;
Центральный;Тверская;Осташков;;;;;;;1;1;1;1;1;1;1;1;1;1;1;1;;;;;
Центральный;Тверская;Ржев;;;;;;;5;5;5;5;5;5;5;5;4;5;5;4;4;6;6;5;4
Центральный;Тверская;Торжок;;;;;;;1;1;1;1;1;1;1;1;1;1;1;1;1;3;3;3;3
Центральный;Тверская;Удомля;;;;;;;2;1;1;1;1;1;1;1;1;1;1;;1;1;1;1;1
Центральный;Тульская;Алексин;;;;;;;7;8;8;7;8;8;5;5;5;6;6;6;6;6;6;6;6
Центральный;Тульская;Белев;;;;;;;1;1;1;1;1;1;1;1;1;1;1;1;1;1;1;1;1
Центральный;Тульская;Венев;;;;;;;1;1;1;1;1;1;1;1;1;1;1;1;1;1;1;1;1
Центральный;Тульская;Ефремов;;;;;;;5;;5;5;5;5;2;2;1;1;4;3;475;5;3;1;1
Центральный;Тульская;Кимовск;;;;;;;3;4;4;4;4;4;3;4;4;4;2;2;2;1;1;1;1
Центральный;Тульская;Киреевск;;;;;;;1;1;1;1;1;1;1;1;1;1;1;1;1;3;1;1;1
Центральный;Тульская;Болохово;;;;;;;1;1;1;1;1;1;1;1;1;1;;;;;;;
Центральный;Тульская;Липки;;;;;;;1;1;1;1;1;1;1;1;1;1;1;1;;;;;
Центральный;Тульская;Новомосковск;;;;;;;7;7;7;7;7;7;7;7;7;7;7;8;8;6;9;5;1
Центральный;Тульская;Сокольники;;;;;;;1;1;1;1;1;1;1;1;1;1;1;;;;;;
Центральный;Тульская;Плавск;;;;;;;1;1;1;1;1;1;2;1;1;1;1;1;1;1;1;1;1
Центральный;Тульская;Суворов;;;;;;;1;1;1;1;1;1;1;4;4;1;1;1;1;1;1;1;1
Центральный;Тульская;Чекалин;;;;;;;1;1;1;1;1;1;1;1;1;1;1;1;1;1;;;
Центральный;Тульская;Советск (Тульская область);;;;;;;4;4;2;2;2;2;2;2;2;1;1;1;1;1;1;1;1
Центральный;Тульская;Ясногорск;;;;;;;2;2;1;2;2;8;2;2;2;5;2;2;2;2;2;1;1
Центральный;Тульская;Тула;;;;;;;32;34;32;31;31;31;29;28;27;27;28;28;29;29;30;29;27
Центральный;Тульская;Богородицк;;;;;;;4;4;4;4;4;4;4;4;4;2;2;2;2;1;1;1;1
Центральный;Тульская;Донской;;;;;;;4;3;3;3;3;5;3;3;7;7;7;3;3;5;1;1;1
Центральный;Тульская;Северо-Задонск;;;;;;;1;1;1;1;1;1;1;1;;;;;;;;;
Центральный;Тульская;Узловая;;;;;;;6;6;6;6;6;6;5;5;5;3;3;3;3;3;2;3;2
Центральный;Тульская;Щекино;;;;;;;14;8;8;8;8;7;7;7;7;6;6;7;4;7;7;3;3
Приволжский;Ульяновская;Барыш;;;;;;;1;1;1;1;1;1;1;1;1;1;1;1;1;1;1;1;1
Приволжский;Ульяновская;Инза;;;;;;;3;3;3;3;3;3;3;3;3;1;1;1;1;1;1;1;1
Приволжский;Ульяновская;Сенгилей;;;;;;;1;1;1;1;1;1;1;1;1;1;1;1;1;1;1;1;1
Приволжский;Ульяновская;Ульяновск;;;;;;;32;32;31;30;30;29;28;28;31;31;32;33;32;32;35;33;33
Приволжский;Ульяновская;Димитровград;;;;;;;7;8;9;9;9;9;9;9;10;12;4;5;5;5;5;5;5
Приволжский;Ульяновская;Новоульяновск;;;;;;;1;1;1;1;1;1;1;1;2;2;2;3;3;2;2;2;2
Центральный;Ярославская;Гаврилов-Ям;;;;;;;1;1;1;1;1;1;1;1;1;1;1;1;1;1;1;1;1
Центральный;Ярославская;Данилов;;;;;;;1;1;1;1;1;1;1;1;1;1;1;1;1;1;1;1;1
Центральный;Ярославская;Любим;;;;;;;1;1;1;1;1;1;1;1;1;1;1;1;1;1;1;1;1
Центральный;Ярославская;Мышкин;;;;;;;1;1;1;1;1;1;1;1;1;1;1;1;1;1;1;1;1
Центральный;Ярославская;Пошехонье;;;;;;;1;1;1;1;1;1;1;1;1;1;1;1;1;1;1;1;1
Центральный;Ярославская;Ярославль;;;;;;;30;31;30;29;29;29;29;29;28;27;28;27;27;28;27;28;26
Центральный;Ярославская;Переславль-Залесский;;;;;;;1;1;1;1;1;1;1;1;2;2;2;1;1;1;2;2;2
Центральный;Ярославская;Ростов;;;;;;;1;1;1;1;1;1;1;1;1;1;1;1;1;1;1;1;1
Центральный;Ярославская;Рыбинск;;;;;;;16;16;16;15;15;15;15;15;15;15;16;15;16;15;14;13;12
Центральный;Ярославская;Тутаев;;;;;;;2;2;2;1;2;2;2;2;2;3;2;1;1;1;1;1;1
Центральный;Ярославская;Углич;;;;;;;1;1;1;1;1;1;1;1;1;1;1;1;1;2;2;2;2